Provincia,Municipio,Localidad,Código postal,Dirección,Margen,Longitud,Latitud,Toma de datos,Precio gasolina 95 E5,Precio gasolina 95 E10,Precio gasolina 95 E5 Premium,Precio gasolina 98 E5,Precio gasolina 98 E10,Precio gasóleo A,Precio gasóleo Premium,Precio gasóleo B,Precio gasóleo C,Precio bioetanol,Precio biodiésel,Precio gases licuados del petróleo,Precio gas natural comprimido,Precio gas natural licuado,Precio hidrógeno,Rótulo,Horario,Tipo estación
ALICANTE,ALTEA,ALTEA,03590,"PUERTO DEPORTIVO LUIS CAMPOMANES, S/N - PARTIDA MASCARAT",,-0.003833,38.629556,2024-11-23 15:54:37,1.68,,,,,1.55,,,,,,,,,,,M-D: 10:00-18:00,Puerto
ALICANTE,CALPE/CALP,CALPE,03710,EXPLANADA DEL PUERTO PESQUERO S/N,,0.069162,38.637313,2024-11-23 15:54:37,,,,,,,,0.8022,,,,,,,,COFRADIA DE PESCADORES DE CALPE,L-V: 08:00-13:30 y 15:30-19:30; S: 09:00-13:00,Puerto
ALICANTE,DÉNIA,DENIA,03700,PUERTO PESQUERO DE DENIA S/N,,0.113056,38.843611,2024-11-23 15:54:37,,,,,,,,,,,,,,,,NO HAY,L-V: 08:00-13:00 y 16:30-19:30,Puerto
ALICANTE,DÉNIA,DENIA,03700,DARSENA DE BABOR S/N PUERTO DE DENIA,,0.119139,38.567556,2024-11-23 15:54:37,1.669,,,,,1.509,,,,,,,,,,MARINA DE DENIA S.A,L-D: 24H,Puerto
ALICANTE,GUARDAMAR DEL SEGURA,GUARDAMAR DEL SEGURA,03140,AVDA. DEL PUERTO.219,,-0.646278,38.109,2024-11-23 15:54:37,,,,,,,,,,,,,,,,MARINA DE LAS DUNAS (REPSOL),L-D: 07:00-22:00,Puerto
ALICANTE,JÁVEA/XÀBIA,JÁVEA/XÀBIA,03730,"BURDEOS, 1",,0.186222,38.775722,2024-11-23 15:54:37,1.841,,,,,,,,,,,,,,,NOU FONTANA,L-D: 24H,Puerto
ALICANTE,SANTA POLA,SANTA POLA,03130,MUELLE NORTE S/N PUERTO DEPORTIVO 2,,-0.560556,38.189306,2024-11-23 15:54:37,1.435,,,,,1.303,,,,,,,,,,MARINA MIRAMAR,L-D: 24H,Puerto
ALICANTE,SANTA POLA,SANTA POLA,03130,"ZONA PORTUARIA, 35",,-0.558583,38.187389,2024-11-23 15:54:37,1.415,,,,,1.335,,,,,,,,,,COFRADÍA DE PESCADORES,L-V: 09:00-13:00 y 16:00-20:00,Puerto
ALICANTE,VILLAJOYOSA/VILA JOIOSA (LA),VILLAJOYOSA / VILA JOIOSA (LA),03570,PUERTO PESQUERO,,-0.218833,38.506306,2024-11-23 15:54:37,1.519,,,,,1.369,,,,,,,,,,COFRADIA,L-V: 08:00-21:00; S-D: 08:00-15:00,Puerto
ALMERÍA,CARBONERAS,CARBONERAS,04140,"MUELLE PESQUERO DE CARBONERAS, S/Nº",,-1.897068,36.991802,2024-11-23 15:54:37,1.629,,,,,1.539,,0.66,,,,,,,,REPSOL,L-D: 24H,Puerto
ALMERÍA,GARRUCHA,GARRUCHA,04630,"PUERTO PESQUERO, S/Nº",,-1.819013,37.181802,2024-11-23 15:54:37,1.629,,,,,1.539,,0.66,,,,,,,,REPSOL,L-D: 24H,Puerto
ALMERÍA,ROQUETAS DE MAR,AGUADULCE,04720,PUERTO DEPORTIVO AGUADULCE - TORRE DE CONTROL S/N,,-2.562917,36.813333,2024-11-23 15:54:37,1.569,,,,,1.499,,,,,,,,,,REPSOL,L-D: 24H,Puerto
ASTURIAS,GIJÓN,GIJON,33201,EDIFICIO ANTIGUA RULA C/CLAUDIO ALVARGONZALEZ S/N,,-5.666444,43.546472,2024-11-23 15:54:37,1.63,,,,,1.54,,,,,,,,,,REPSOL,L-D: 24H,Puerto
ASTURIAS,VALDÉS,LUARCA,33700,PUERTO PESQUERO S/N,,-6.533389,43.546167,2024-11-23 15:54:37,,,,,,,,0.696,,,,,,,,REPSOL,L: 14:00-18:00; J: 14:00-18:00,Puerto
BALEARS (ILLES),ALCÚDIA,ALCUDIA,07400,"PASEO MARITIMO, 1",,3.134806,39.836944,2024-11-23 15:54:37,1.68,,,,,1.58,,,,,,,,,,ALCUDIAMAR,L-D: 24H,Puerto
BALEARS (ILLES),ALCÚDIA,ALCUDIA,07400,"ARRANQUE MUELLE PESQUERO, S/Nº",,3.135361,39.83825,2024-11-23 15:54:37,,,,,,,,0.72,,,,,,,,REPSOL,L-V: 09:00-14:00 y 15:00-18:00,Puerto
BALEARS (ILLES),ANDRATX,ANDRATX,07150,"MUELLE PESQUERO, S/Nº",,2.389461,39.545484,2024-11-23 15:54:37,,,,,,,,0.72,,,,,,,,REPSOL,L-D: 24H,Puerto
BALEARS (ILLES),CAMPOS,RAPITA (SA),07639,"EXPLANADA DEL PUERTO, S/N",,2.951099,39.359178,2024-11-23 15:54:37,1.674,,,,,1.576,,,,,,,,,,CLUB NAUTICO LA RAPITA,L-S: 08:00-18:00; D: 08:00-13:00,Puerto
BALEARS (ILLES),CAPDEPERA,CALA RATJADA,07590,"MUELLE PESQUERO, S/Nº",,3.464183,39.709928,2024-11-23 15:54:37,1.667,,,,,1.588,,0.72,,,,,,,,REPSOL,L-D: 24H,Puerto
BALEARS (ILLES),CIUTADELLA DE MENORCA,CIUTADELLA DE MENORCA,07760,CAMI DE BAIX S/N,,3.829972,39.999028,2024-11-23 15:54:37,1.783,,,,,1.673,,0.695,,,,,,,,GALP- CLUB NÁUTICO CIUTADELLA  ,L-V: 09:00-18:30; S-D: 09:00-13:00,Puerto
BALEARS (ILLES),EIVISSA,EIVISSA,07800,"PASSEIG JOAN CARLES I, 20",,1.443722,38.913806,2024-11-23 15:54:37,1.686,,,,,1.626,,,,,,,,,,REPSOL,L-D: 09:00-14:00 y 16:00-20:00,Puerto
BALEARS (ILLES),EIVISSA,EIVISSA,07800,"MUELLE COMERCIAL, S/Nº",,1.439183,38.913817,2024-11-23 15:54:37,,,,,,,,0.72,,,,,,,,REPSOL,L-D: 24H,Puerto
BALEARS (ILLES),MERCADAL (ES),FORNELLS,07748,PASSATGE ES PLA S/N,,4.12975,40.056806,2024-11-23 15:54:37,1.699,,,,,1.599,,,,,,,,,,U.S.PUERTO FORNELLS,X: 09:00-13:00,Puerto
BALEARS (ILLES),PALMA DE MALLORCA,PALMA,07001,"MUELLE VIEJO, S/N ESPIGÓN EXTERIOR",,2.638278,39.564667,2024-11-23 15:54:37,,,,,,1.5,,,,,,,,,,STP,L-D: 08:00-20:00,Puerto
BALEARS (ILLES),PALMA DE MALLORCA,PALMA,07012,"MUELLE VIEJO, S/Nº (EL MOLLET)",,2.640572,39.566595,2024-11-23 15:54:37,,,,,,1.588,,0.72,,,,,,,,REPSOL,L-D: 24H,Puerto
BALEARS (ILLES),PALMA DE MALLORCA,PALMA,07015,AVENIDA INGENIERO GABRIEL ROCA S/N,,2.625639,39.556722,2024-11-23 15:54:37,1.64,,,,,,,,,,,,,,,CLUB DE MAR - MALLORCA,L-D: 09:00-20:00,Puerto
BALEARS (ILLES),POLLENÇA,POLLENÇA,07460,"MUELLE VIEJO, S/N",,,,2024-11-23 15:54:37,,,,,,,,0.72,,,,,,,,POR RELLENAR,L-D: 08:00-13:00 y 15:30-19:30,Puerto
BALEARS (ILLES),POLLENÇA,PORT DE POLLENÇA,07470,"MUELLE VIEJO, S/N",,3.083333,39.9,2024-11-23 15:54:37,1.659,,,,,1.579,,0.69,,,,,,,,RCNPP,L-D: 08:30-13:00 y 15:00-19:00,Puerto
BALEARS (ILLES),SALINES (SES),COLONIA DE SANT JORDI,07638,EXPLANADA DEL MOLL/SN,,2.999361,39.315611,2024-11-23 15:54:37,1.809,,,,,1.629,,0.696,,,,,,,,REPSOL,M: 10:00-18:00; J: 10:00-18:00,Puerto
BALEARS (ILLES),SANTANYÍ,CALA FIGUERA,07659,"MUELLE, S/Nº SANTANY",,3.170294,39.331317,2024-11-23 15:54:37,,,,,,,,0.72,,,,,,,,REPSOL,L-D: 24H,Puerto
BALEARS (ILLES),SÓLLER,SOLLER,07100,"MUELLE COMERCIAL, S/Nº",,2.694461,39.79715,2024-11-23 15:54:37,1.667,,,,,1.588,,0.72,,,,,,,,REPSOL,L-D: 24H,Puerto
BALEARS (ILLES),SON SERVERA,CALA BONA,07559,"NUEVO PUERTO DE LAREDO, S/Nº",,3.392472,39.613917,2024-11-23 15:54:37,,,,,,1.588,,0.72,,,,,,,,REPSOL,L-D: 09:00-13:00 y 15:00-20:00,Puerto
BARCELONA,BARCELONA,BARCELONA,08003,"MUELLE DE BALEARES, S/Nº",,2.18551,41.372778,2024-11-23 15:54:37,,,,,,,,0.705,,,,,,,,REPSOL,L-D: 24H,Puerto
BARCELONA,BARCELONA,BARCELONA,08001,PS JOAN DE BORBO 103,,2.186639,41.363417,2024-11-23 15:54:37,1.61,,,,,,,,,,,,,,,SHELL,L-D: 24H,Puerto
BARCELONA,SITGES,SITGES,08870,TORRE CAPITANIA  S N    PUERTO DEPORTIVO AIGUADOLC,,,,2024-11-23 15:54:37,1.644,,,,,1.558,,,,,,,,,,REPSOL,L-D: 09:30-18:30,Puerto
BARCELONA,SITGES,GARRAF,08870,PORT DEL GARRAF,,1.900056,41.249306,2024-11-23 15:54:37,1.58,,,,,1.484,,,,,,,,,,PETROPRIX,L-D: 08:00-18:00,Puerto
BARCELONA,VILANOVA I LA GELTRÚ,VILANOVA I LA GELTRU,08800,LG ENTRE MUELLE DE LA LLOTJA Y PESCADO,,1.735861,41.215917,2024-11-23 15:54:37,,,,,,,,0.666,,,,,,,,COFRADIA DE PESCADORS DE VILANOVA I LA GELTRU,L-D: 24H,Puerto
BIZKAIA,BERMEO,BERMEO,48370,MUELLE NUEVO S/Nº,,-2.718222,43.41725,2024-11-23 15:54:37,,,,,,,,0.664,,,,,,,,REPSOL,L-D: 24H,Puerto
BIZKAIA,ONDARROA,ONDARROA,48700,"EGUIDAZU KAIA, S/N",,-2.419056,43.326417,2024-11-23 15:54:37,,,,,,,,0.661,,,,,,,,REPSOL,L-D: 24H,Puerto
CÁDIZ,CHIPIONA,CHIPIONA,11550,"PUERTO PESQUERO DEPORTIVO, S/Nº",,-6.429944,36.7465,2024-11-23 15:54:37,1.594,,,,,1.513,,0.735,,,,,,,,REPSOL,L-D: 24H,Puerto
CÁDIZ,CONIL DE LA FRONTERA,CONIL DE LA FRONTERA,11140,LONJA DE PESCADO DE CONIL DE LA FRONTERA,,-6.136889,36.294389,2024-11-23 15:54:37,1.52,,,,,1.48,,0.87,,,,,,,,TRAFALGAR OILS,L: 10:00-14:00 y 16:00-19:00,Puerto
CANTABRIA,CASTRO-URDIALES,CASTRO URDIALES,39700,MUELLE EQUILIÓN S/N,,-3.221,43.382444,2024-11-23 15:54:37,1.64,,,,,1.522,,0.666,,,,,,,,REPSOL,L-V: 09:00-13:00,Puerto
CANTABRIA,COLINDRES,COLINDRES,39750,"MUELLE PESQUERO, S/Nº",,-3.463033,43.393903,2024-11-23 15:54:37,1.64,,,,,1.522,,0.666,,,,,,,,REPSOL,L-D: 24H,Puerto
CANTABRIA,LAREDO,LAREDO,39770,"NUEVO PUERTO DE LAREDO, S/Nº",,-3.415444,43.418778,2024-11-23 15:54:37,1.64,,,,,1.522,,0.666,,,,,,,,REPSOL,L-S: 09:00-13:00 y 14:00-18:00,Puerto
CANTABRIA,MARINA DE CUDEYO,PEDREÑA,39130,BARRIO LA BARQUERIA 151-ES,,-3.766472,43.447167,2024-11-23 15:54:37,1.695,,,,,1.595,,,,,,,,,,REPSOL,L-D: 06:00-21:30,Puerto
CANTABRIA,SAN VICENTE DE LA BARQUERA,SAN VICENTE DE LA BARQUERA,39540,"AVDA. ANTONIO GARELY, S/Nº",,-4.397755,43.385014,2024-11-23 15:54:37,,,,,,1.522,,0.666,,,,,,,,REPSOL,L-D: 24H,Puerto
CANTABRIA,SANTANDER,SANTANDER,39009,PUERTO PSQUERO,,-3.821333,43.449222,2024-11-23 15:54:37,,,,,,,,0.666,,,,,,,,REPSOL,L-J: 09:00-13:00 y 14:00-18:00,Puerto
CANTABRIA,SANTOÑA,SANTOÑA,39740,"MUELLE PESQUERO, S/Nº",,-3.46331,43.441959,2024-11-23 15:54:37,1.64,,,,,1.522,,0.666,,,,,,,,REPSOL,L-D: 24H,Puerto
CANTABRIA,SUANCES,SUANCES,39340,"MUELLE PESQUERO, S/Nº",,-4.035255,43.425292,2024-11-23 15:54:37,1.64,,,,,1.522,,0.666,,,,,,,,REPSOL,L-D: 24H,Puerto
CASTELLÓN / CASTELLÓ,ALCALÀ DE XIVERT,ALCOSSEBRE,12579,PM PUERTO DEPORTIVO LAS FUENTES DE ALCOCEBRE,,0.280667,40.247972,2024-11-23 15:54:37,1.405,,,,,1.39,,,,,,,,,,,L-D: 09:00-13:00 y 16:00-19:00,Puerto
CASTELLÓN / CASTELLÓ,BURRIANA,BURRIANA,12530,MUELLE DE PONIENTE,,-0.069139,39.859056,2024-11-23 15:54:37,1.7,,,,,1.59,,,,,,,,,,"MARINA BURRIANANOVA, S.A.",L-D: 24H,Puerto
CASTELLÓN / CASTELLÓ,CASTELLÓN DE LA PLANA/CASTELLÓ DE LA PLANA,CASTELLON DE LA PLANA,12100,"ESCOLLERA DE PONIENTE, S/N",,0.020639,39.968583,2024-11-23 15:54:37,1.577,,,,,1.5,,,,,,,,,,REAL CLUB NAUTICO DE CASTELLON,L-D: 24H,Puerto
CASTELLÓN / CASTELLÓ,CASTELLÓN DE LA PLANA/CASTELLÓ DE LA PLANA,CASTELLON DE LA PLANA,12100,"MUELLE PESQUERO, S/Nº",,-0.019836,39.96634,2024-11-23 15:54:37,,,,,,,,0.67,,,,,,,,REPSOL,L-D: 24H,Puerto
CASTELLÓN / CASTELLÓ,OROPESA DEL MAR/ORPESA,OROPESA,12594,PARTIDA DENOMINADA PUERTO DEPORTIVO,,0.146806,40.081306,2024-11-23 15:54:37,1.695,,,,,1.572,,,,,,,,,,CLUB NAUTICO DE OROPESA,L-D: 24H,Puerto
CASTELLÓN / CASTELLÓ,PEÑÍSCOLA,PEÑISCOLA,12598,EXPLANADA  DEL PUERTO S/N,,0.406167,40.356417,2024-11-23 15:54:37,,,,,,,,0.65,,,,,,,,NINGUNO,L-V: 09:00-13:00 y 15:00-19:00,Puerto
CORUÑA (A),CAMARIÑAS,CAMARIÑAS,15123,"MUELLE PESQUERO, S/Nº",,-9.182914,43.128027,2024-11-23 15:54:37,,,,,,,,0.68,,,,,,,,REPSOL,L-D: 24H,Puerto
CORUÑA (A),CARIÑO,CARIÑO,15593,"MUELLE PESQUERO, S/Nº",,-7.866525,43.737749,2024-11-23 15:54:37,,,,,,,,0.696,,,,,,,,REPSOL,L-D: 24H,Puerto
CORUÑA (A),CORUÑA (A),CORUÑA (A),15001,PASEO MARITIMO ALCALDE FCO VAZQUEZ S/N ,,-8.383556,43.366889,2024-11-23 15:54:37,1.599,,,,,1.531,,,,,,,,,,MARINA CORUÑA,L-D: 24H,Puerto
CORUÑA (A),CORUÑA (A),CORUÑA (A),15006,"DÁRSENA DE OZA, S/Nº",,-8.379303,43.348582,2024-11-23 15:54:37,,,,,,,,0.651,,,,,,,,REPSOL,L-D: 24H,Puerto
CORUÑA (A),FERROL,FERROL,15401,"MUELLE DE CRUXEIRAS, S/Nº",,-8.244303,43.478304,2024-11-23 15:54:37,1.59,,,,,1.511,,0.68,,,,,,,,REPSOL,L-D: 24H,Puerto
CORUÑA (A),FISTERRA,FISTERRA,15155,"MUELLE PESQUERO, S/Nº",,-9.25975,42.907389,2024-11-23 15:54:37,,,,,,,,0.679,,,,,,,,REPSOL,L-D: 24H,Puerto
CORUÑA (A),LAXE,LAXE,15117,"MUELLE PESQUERO, S/Nº",,-9.001803,43.223304,2024-11-23 15:54:37,,,,,,,,0.679,,,,,,,,REPSOL,L-D: 24H,Puerto
CORUÑA (A),MALPICA DE BERGANTIÑOS,MALPICA,15113,"MUELLE PESQUERO, S/Nº",,-8.808192,43.323304,2024-11-23 15:54:37,,,,,,,,0.68,,,,,,,,REPSOL,L-D: 24H,Puerto
CORUÑA (A),MUROS,MUROS,15250,MUELLE PESQUERO S/N,,-9.055969,42.776082,2024-11-23 15:54:37,1.59,,,,,1.487,,0.68,,,,,,,,REPSOL,L-D: 24H,Puerto
CORUÑA (A),MUXÍA,MUXIA,15124,"MUELLE PESQUERO, S/Nº",,-9.214858,43.105804,2024-11-23 15:54:37,,,,,,,,0.676,,,,,,,,REPSOL,L-D: 24H,Puerto
CORUÑA (A),POBRA DO CARAMIÑAL (A),POBRA DO CARAMIÑAL,15940,MUELLE COMERCIAL S/N,,-8.935417,42.609083,2024-11-23 15:54:37,1.559,,,,,1.459,,0.729,,,,,,,,AVIA,L-D: 07:00-23:00,Puerto
CORUÑA (A),PORTO DO SON,PORTO DO SON,15970,"MUELLE PESQUERO, S/Nº",,-9.003469,42.726638,2024-11-23 15:54:37,,,,,,,,0.736,,,,,,,,REPSOL,L-D: 24H,Puerto
CORUÑA (A),PORTO DO SON,PORTOSIN,15999,"MUELLE PESQUERO, S/Nº",,-8.947358,42.760804,2024-11-23 15:54:37,,,,,,,,0.676,,,,,,,,REPSOL,L-D: 24H,Puerto
CORUÑA (A),RIANXO,RIANXO,15920,"PORTO DE RIANXO, S/N",,-8.822417,42.647389,2024-11-23 15:54:37,1.589,,,,,1.499,,0.72,,,,,,,,VALCARCE,L: 07:00-23:00,Puerto
CORUÑA (A),RIBEIRA,SANTA UXIA DE RIBEIRA,15960,"MUELLE PESQUERO, S/Nº",,-8.989025,42.56136,2024-11-23 15:54:37,,,,,,,,0.656,,,,,,,,REPSOL,L-D: 24H,Puerto
CORUÑA (A),SADA,SADA,15160,"MUELLE PESQUERO, S/Nº",,-8.246525,43.362749,2024-11-23 15:54:37,1.59,,,,,1.511,,0.679,,,,,,,,REPSOL,L-D: 24H,Puerto
CORUÑA (A),SADA,SADA,15160,"AVENIDA DEL PUERTO, S/N",,-8.248306,43.357556,2024-11-23 15:54:37,1.59,,,,,1.5,,,,,,,,,,SADAMAR - GALP,L-D: 24H,Puerto
GIPUZKOA,GETARIA,GETARIA,20808,MUELLE PESQUERO S/N,,-2.127945,43.275584,2024-11-23 15:54:37,,,,,,,,0.664,,,,,,,,REPSOL,L-D: 24H,Puerto
GIPUZKOA,HONDARRIBIA,HONDARRIBIA,20280,"PASEO IRIBARREN, S/N",,-1.790722,43.388361,2024-11-23 15:54:37,,,,,,,,0.664,,,,,,,,REPSOL,L-D: 24H,Puerto
GIPUZKOA,PASAIA,PASAI DONIBANE,20110,MUELLE DONI-BANE S/N,,-1.911389,43.32225,2024-11-23 15:54:37,,,,,,,,0.664,,,,,,,,REPSOL,L-D: 08:00-13:00 y 15:00-17:00,Puerto
GIRONA,BLANES,BLANES,17300,ESPLANADA DEL PORT S/N,,2.797889,41.675083,2024-11-23 15:54:37,1.699,,,,,1.569,,,,,,,,,,CLUB VELA BLANES,L-D: 24H,Puerto
GIRONA,ESCALA (L'),ESCALA (L'),17130,PORT LA CLOTA S/N,,3.126222,42.119194,2024-11-23 15:54:37,1.659,,,,,1.519,,,,,,,,,,CLUB NAUTIC L'ESCALA,L-D: 24H,Puerto
GIRONA,PALAMÓS,PALAMOS,17230,"MUELLE PESQUERO, S/N",,3.125417,41.844667,2024-11-23 15:54:37,,,,,,,,0.691,,,,,,,,REPSOL,L-D: 24H,Puerto
GIRONA,PORT DE LA SELVA (EL),PORT DE LA SELVA (EL),17489,LLOIA S/N,,,,2024-11-23 15:54:37,1.719,,,,,1.589,,,,,,,,,,NINGUNO,L: 09:00-13:00 y 15:00-17:00,Puerto
GIRONA,ROSES,ROSES,17480,ZONA DE DIC ABRIC - PUERTO DEPORTIVO DE ROSES,,,,2024-11-23 15:54:37,1.699,,,,,1.519,,,,,,,,,,PETREM MAR,L-D: 24H,Puerto
GIRONA,ROSES,ROSES,17480,"MUELLE PESQUERO, S/Nº",,3.17942,42.252791,2024-11-23 15:54:37,,,,,,,,0.685,,,,,,,,REPSOL,L-D: 24H,Puerto
GIRONA,SANT FELIU DE GUÍXOLS,SANT FELIU DE GUIXOLS,17220,"ZONA ESPORTIVA DEL PORT, S/Nº",,3.030528,41.773889,2024-11-23 15:54:37,1.6,,,,,1.5,,,,,,,,,,CLUB NAUTIC SANT FELIU DE GUIXOLS,L-D: 24H,Puerto
GIRONA,SELVA DE MAR (LA),SELVA DE MAR (LA) NUCLI,17489,"MUELLE PESQUERO, S/Nº",,3.200253,42.340846,2024-11-23 15:54:37,,,,,,,,0.725,,,,,,,,REPSOL,L-D: 24H,Puerto
GIRONA,TORROELLA DE MONTGRÍ,TORROELLA DE MONTGRI,17258,ESPLANA DEL PORT S/N L'ESTARTIT,,3.203972,42.052278,2024-11-23 15:54:37,,,,,,,,0.969,,,,,,,,,X: 08:00-12:00; V: 08:00-12:00,Puerto
GIRONA,TORROELLA DE MONTGRÍ,TORROELLA DE MONTGRI,17258,"PASSEIG MARÍTIM, S/N",,,,2024-11-23 15:54:37,1.788,,,,,1.619,,,,,,,,,,CLUB NAUTIC ESTARTIT,L: 08:00-17:45,Puerto
LUGO,BURELA,BURELA,27880,"MUELLE PESQUERO, S/Nº",,-7.254818,43.660537,2024-11-23 15:54:37,,,,,,,,0.641,,,,,,,,REPSOL,L-D: 24H,Puerto
LUGO,RIBADEO,RIBADEO,27700,"MUELLE PESQUERO, S/Nº",,-7.038707,43.532759,2024-11-23 15:54:37,,,,,,,,0.726,,,,,,,,REPSOL,L-D: 24H,Puerto
LUGO,VIVEIRO,CELEIRO,27863,"MUELLE PESQUERO, S/Nº",,-7.595929,43.67637,2024-11-23 15:54:37,,,,,,,,0.661,,,,,,,,REPSOL,L-D: 24H,Puerto
MÁLAGA,FUENGIROLA,FUENGIROLA,29640,PUERTO PESQUERO-DEPORTIVO,,-4.61575,36.542333,2024-11-23 15:54:37,1.799,,,,,1.706,,0.725,,,,,,,,REPSOL,L-D: 24H,Puerto
MÁLAGA,MANILVA,MANILVA,29691,PUERTO DEPORTIVO DE LA DUQUESA,,,,2024-11-23 15:54:37,1.852,,,,,1.754,,,,,,,,,,REPSOL,L-D: 24H,Puerto
MÁLAGA,MARBELLA,MARBELLA,29600,PUERTO DEPORTIVO MARBELLA,,-4.889944,36.505833,2024-11-23 15:54:37,1.629,,,,,1.519,,,,,,,,,,ENERPUS,L-D: 24H,Puerto
MÁLAGA,VÉLEZ-MÁLAGA,CALETA DE VELEZ,29751,"PUERTO PESQUERO,S/Nº",,-4.069361,36.747611,2024-11-23 15:54:37,1.777,,,,,1.694,,0.715,,,,,,,,REPSOL,L-D: 24H,Puerto
MURCIA,ÁGUILAS,AGUILAS,30880,"MUELLE PESQUERO, S/N",,-1.57872,37.402935,2024-11-23 15:54:37,,,,,,,,0.71,,,,,,,,REPSOL,L-D: 24H,Puerto
MURCIA,CARTAGENA,CARTAGENA,30202,"MUELLE STA. LUCÍA, S/Nº",,-0.975942,37.597657,2024-11-23 15:54:37,,,,,,,,0.71,,,,,,,,REPSOL,L-D: 24H,Puerto
MURCIA,CARTAGENA,CARTAGENA,30202,PASEO ALFONSO XII,,-0.981722,37.596583,2024-11-23 15:54:37,1.539,,,,,1.449,,,,,,,,,,ROYMAGA PETROELOS,L-D: 24H,Puerto
MURCIA,CARTAGENA,CABO DE PALOS,30370,"MUELLE DE LA SAL, S/Nº",,-0.69872,37.630712,2024-11-23 15:54:37,,,,,,,,0.75,,,,,,,,REPSOL,L-D: 24H,Puerto
MURCIA,MAZARRÓN,MAZARRON,30870,"MUELLE PESQUERO, S/Nº",,-1.255109,37.563768,2024-11-23 15:54:37,,,,,,,,0.71,,,,,,,,REPSOL,L-D: 24H,Puerto
MURCIA,MAZARRÓN,PUERTO DE MAZARRON,30860,PLAZA DEL MUELLE S/N,,-1.26625,37.564,2024-11-23 15:54:37,1.52,,,,,1.31,,,,,,,,,,NINGUNO,L-D: 24H,Puerto
PALMAS (LAS),ARRECIFE,ARRECIFE,35509,"AV. OLOF PALME, S/N",,-13.537917,28.965028,2024-11-23 15:54:37,1.208,,,,,1.216,,,,,,,,,,,L: 08:15-19:30,Puerto
PALMAS (LAS),MOGÁN,MOGAN,35140,DIQUE SUR. PUERTO DE MOGAN,,-15.764056,27.815861,2024-11-23 15:54:37,1.244,,,,,1.239,,,,,,,,,,REPSOL,L-D: 09:00-13:00 y 15:00-17:50,Puerto
PALMAS (LAS),PÁJARA,MORRO JABLE,35625,MUELLE DEPORTIVO S/N,,-14.35875,28.048722,2024-11-23 15:54:37,1.4,,,,,1.193,,,,,,,,,,H2GO REPSOL MORRO JABLE,L-D: 08:00-20:00,Puerto
PALMAS (LAS),PUERTO DEL ROSARIO,PUERTO DEL ROSARIO,35600,DARSENA PESQUERA S/N,,-13.859889,28.495639,2024-11-23 15:54:37,1.329,,,,,1.193,,,,,,,,,,REPSOL MUELLE CHICO,L-D: 08:00-20:00,Puerto
PALMAS (LAS),SAN BARTOLOMÉ DE TIRAJANA,SAN BARTOLOME TIRAJANA,35106,CARRETERA GC-500 S/N (ANTIGUA CTRA. C-812) URBANIZACION PASITO BLANCO (VARADERO),,-15.621667,27.746944,2024-11-23 15:54:37,1.251,,,,,1.195,,,,,,,,,,DISA,L-D: 08:00-18:00,Puerto
PALMAS (LAS),YAIZA,YAIZA,35570,"C/ EL BERRUGO, 2",,-13.816639,28.857111,2024-11-23 15:54:37,1.259,,,,,1.245,,,,,,,,,,MARINA RUBICON,L-D: 07:30-19:30,Puerto
PALMAS (LAS),YAIZA,PUERTO CALERO,35570,LOS PANTALANES S/N,,-13.705333,28.915833,2024-11-23 15:54:37,1.186,,,,,1.179,,,,,,,,,,MARINA PUERTO CALERO,L-D: 08:15-19:45,Puerto
PONTEVEDRA,BUEU,BUEU,36930,"MUELLE PESQUERO, S/Nº",,-8.785126,42.329376,2024-11-23 15:54:37,,,,,,1.522,,0.692,,,,,,,,REPSOL,L-D: 24H,Puerto
PONTEVEDRA,CAMBADOS,CAMBADOS,36630,"MUELLE DE TRAGOVE, S/Nº",,-8.828182,42.518542,2024-11-23 15:54:37,,,,,,,,0.696,,,,,,,,REPSOL,L-D: 24H,Puerto
PONTEVEDRA,CANGAS,CANGAS,36940,"PUERTO DE CANGAS, S/N",,-8.782528,42.260472,2024-11-23 15:54:37,1.569,,,,,1.489,,0.699,,,,,,,,COMBUSTIBLES PUERTO DE CANGAS,L-V: 08:30-14:00 y 16:00-18:00,Puerto
PONTEVEDRA,MOAÑA,MOAÑA,36950,"MUELLE PESQUERO, S/Nº",,-8.735126,42.274931,2024-11-23 15:54:37,,,,,,,,0.682,,,,,,,,REPSOL,L-D: 24H,Puerto
PONTEVEDRA,SANXENXO,SANXENXO,36960,"AVENIDA AUGUSTO GONZALEZ BESADA, S/N",,-8.804015,42.395292,2024-11-23 15:54:37,1.82,,,,,1.82,,,,,,,,,,REPSOL,L-D: 10:00-13:30 y 16:00-19:00,Puerto
PONTEVEDRA,SANXENXO,PORTONOVO,36970,"MUELLE COMERCIAL, S/Nº",,-8.817778,42.395833,2024-11-23 15:54:37,,,,,,1.522,,0.696,,,,,,,,REPSOL,L-D: 24H,Puerto
PONTEVEDRA,VIGO,VIGO,36202,"AVDA. DE BEIRAMAR, 61",,-8.617904,42.296598,2024-11-23 15:54:37,,,,,,,,0.607,,,,,,,,REPSOL,L-D: 24H,Puerto
PONTEVEDRA,VIGO,VIGO,36208,MUELLE DE REPARACIONES DE BOUZAS S/N,,-8.743111,42.230861,2024-11-23 15:54:37,1.7,,,,,1.55,,,,,,,,,,MARINA DAVILA,L-D: 08:00-20:00,Puerto
PONTEVEDRA,VIGO,VIGO,36207,BAJADA A LA LAGOA S/N,,-8.707083,42.256194,2024-11-23 15:54:37,1.8,,,,,1.7,,,,,,,,,,REPSOL,L: 09:00-20:00,Puerto
PONTEVEDRA,VILANOVA DE AROUSA,VILANOVA DE AROUSA,36620,PUERTO DE VILANOVA S/N,,-8.834611,42.564667,2024-11-23 15:54:37,1.439,,,,,1.289,,0.835,,,,,,,,CARBURANTES PORTO DE VILANOVA,L-V: 08:00-15:00; S: 09:00-14:00,Puerto
SANTA CRUZ DE TENERIFE,ADEJE,ADEJE,38670,"PUERTO DEPORTIVO PUERTO COLON, EDF.CAPITANIA 1ª PLANTA",,-16.737889,28.079333,2024-11-23 15:54:37,1.295,,,,,1.276,,,,,,,,,,DISA,L-D: 08:00-17:45,Puerto
SANTA CRUZ DE TENERIFE,ARONA,ARONA,38649,MUELLE TRANSVERSAL DEL PUERTO DE LOS CRISTIANOS,,-16.718694,28.047917,2024-11-23 15:54:37,1.27,,,,,1.11,,,,,,,,,,NAC MARINE FUEL ,L-S: 08:00-14:30,Puerto
SANTA CRUZ DE TENERIFE,SAN SEBASTIÁN DE LA GOMERA,SAN SEBASTIAN DE LA GOMERA,38800,"PUERTO DEPORTIVO, S/N",,-17.107028,28.089583,2024-11-23 15:54:37,1.558,,,,,1.451,,,,,,,,,,DISA,L-D: 08:00-18:00,Puerto
SANTA CRUZ DE TENERIFE,SANTA CRUZ DE LA PALMA,SANTA CRUZ DE LA PALMA,38700,DARSENA DE EMBARCACIONES MENORES PUERTO SANTA CRUZ DE LA PALMA,,-17.767333,28.679083,2024-11-23 15:54:37,1.414,,,,,1.356,,,,,,,,,,SIN ROTULO,L-S: 08:00-20:00; D: 08:00-15:30,Puerto
TARRAGONA,AMETLLA DE MAR (L'),AMETLLA DE MAR (L'),43860,PORT CALAFAT,,0.850278,40.927333,2024-11-23 15:54:37,1.459,,,,,1.359,,,,,,,,,,ALAS - PORT CALAFAT,L-D: 24H,Puerto
TARRAGONA,CALAFELL,SEGUR DE CALAFELL,43882,Pº MARITIMO S/N,,1.607556,41.186083,2024-11-23 15:54:37,1.839,,,,,1.696,,,,,,,,,,"PORT SEGUR CALAFELL, S.A.",L-D: 08:00-20:00,Puerto
TARRAGONA,CAMBRILS,CAMBRILS,43850,"PUERTO PESQUERO, S/Nº",,1.061881,41.06275,2024-11-23 15:54:37,,,,,,,,0.685,,,,,,,,REPSOL,L-D: 24H,Puerto
TARRAGONA,DELTEBRE,DELTEBRE,43580,ML PUERTO DELTEBRE,,0.843167,40.717361,2024-11-23 15:54:37,1.419,,,,,1.389,,,,,,,,,,CARBURANTS DEL MONTSIÀ,L-D: 24H,Puerto
TARRAGONA,SANT CARLES DE LA RÀPITA,LA RÁPITA,43540,"PUERTO, S/Nº",,0.596881,40.613861,2024-11-23 15:54:37,,,,,,,,0.685,,,,,,,,REPSOL,L-D: 24H,Puerto
TARRAGONA,TARRAGONA,TARRAGONA,43005,MUELLE DE REUS S/N,,1.242194,41.106917,2024-11-23 15:54:37,,,,,,,,,,,,,,,,VILALTA CORPORACION S.A.,L-D: 24H,Puerto
TARRAGONA,TORREDEMBARRA,TORREDEMBARRA,43830,"EDIFICIO CAPITANIA, S/N",,,,2024-11-23 15:54:37,1.672,,,,,1.564,,0.65,,,,,,,,LIBRE,L-D: 09:00-14:00 y 16:00-19:00,Puerto
TARRAGONA,VANDELLÒS I L'HOSPITALET DE L'INFANT,HOSPITALET DE L'INFANT,43890,MUELLE DR. CAPELLA S/N PUERTO DEPORTIVO,,0.927694,40.988639,2024-11-23 15:54:37,,1.636,,,,1.51,,,,,,,,,,REPSOL,L-D: 08:00-20:00,Puerto
VALENCIA / VALÈNCIA,OLIVA,OLIVA,46780,"ALFONSO EL MAGNANIMO, 41",,-0.094694,38.931639,2024-11-23 15:54:37,1.519,,,,,1.389,,,,,,,,,,BP OIL,L: 08:00-19:00,Puerto
VALENCIA / VALÈNCIA,POBLA DE FARNALS (LA),POBLA DE FARNALS (LA),46137,PLAZA CORTES VALENCIANAS S/N,,-0.284167,39.560333,2024-11-23 15:54:37,1.665,,,,,1.565,,,,,,,,,,POBLA MARINA,L-D: 07:00-21:00,Puerto
VALENCIA / VALÈNCIA,VALENCIA,VALENCIA,46024,"DIQUE NORTE, BOCANA DARSENA INTERIOR ",,-0.312278,39.461306,2024-11-23 15:54:37,1.659,,,,,1.539,,1.029,,,,,,,,REPSOL ,L-D: 08:00-18:00,Puerto
VALENCIA / VALÈNCIA,VALENCIA,VALENCIA,46024,"CAMINO DE CANAL, 91 - CLUB NAUTICO DE VALENCIA",,-0.330722,39.429917,2024-11-23 15:54:37,1.669,,,,,1.549,,,,,,,,,,"EXCLUSIVAS BAYMAR, S.A.",L-D: 24H,Puerto
